{"version": "1", "message": "ERROR: Hidden Testcases server unreachable.", "problem_id": "ads2_m7_a1_1", "user_id": "lakshmipraneetha4", "score": {"sample": {"0": {"execution_time": 0.8725450038909912, "passed": true}, "1": {"execution_time": 0.38876819610595703, "passed": true}, "2": {"execution_time": 0.3667025566101074, "passed": true}, "3": {"execution_time": 0.34380221366882324, "passed": true}, "4": {"execution_time": 0.3189268112182617, "passed": true}, "5": {"execution_time": 0.3142127990722656, "passed": true}}}, "check_style_score": "0/1"}