{"version": "1", "message": "ERROR: Hidden Testcases server unreachable.", "problem_id": "ads2_m8_a1_1", "user_id": "lakshmipraneetha4", "score": {"sample": {"0": {"execution_time": 0.18040990829467773, "passed": true}, "1": {"execution_time": 0.17237043380737305, "passed": true}, "2": {"execution_time": 0.4149296283721924, "passed": true}, "3": {"execution_time": 0.7204222679138184, "passed": true}, "4": {"execution_time": 0.359649658203125, "passed": true}, "5": {"execution_time": 1.7029600143432617, "passed": true}}}, "check_style_score": "1/1"}